id,imagen_variante_url
725,"https://cloudinary.images-iherb.com/image/upload/f_auto,q_auto:eco/images/dyz/dyz35344/g/40.jpg"
726,"https://cloudinary.images-iherb.com/image/upload/f_auto,q_auto:eco/images/dyz/dyz35343/g/40.jpg"
727,"https://cloudinary.images-iherb.com/image/upload/f_auto,q_auto:eco/images/dyz/dyz60037/g/10.jpg"
728,"https://cloudinary.images-iherb.com/image/upload/f_auto,q_auto:eco/images/dyz/dyz35355/g/32.jpg"
729,"https://cloudinary.images-iherb.com/image/upload/f_auto,q_auto:eco/images/dyz/dyz50042/g/44.jpg"
730,"https://cloudinary.images-iherb.com/image/upload/f_auto,q_auto:eco/images/dyz/dyz35321/g/42.jpg"
731,"https://cloudinary.images-iherb.com/image/upload/f_auto,q_auto:eco/images/dyz/dyz35318/g/38.jpg"
733,"https://cloudinary.images-iherb.com/image/upload/f_auto,q_auto:eco/images/dyz/dyz35320/g/28.jpg"
739,"https://cloudinary.images-iherb.com/image/upload/f_auto,q_auto:eco/images/dyz/dyz60037/y/10.jpg"
740,"https://cloudinary.images-iherb.com/image/upload/f_auto,q_auto:eco/images/dyz/dyz35420/v/24.jpg"
743,"https://cloudinary.images-iherb.com/image/upload/f_auto,q_auto:eco/images/dyz/dyz35620/g/32.jpg"
745,"https://cloudinary.images-iherb.com/image/upload/f_auto,q_auto:eco/images/dyz/dyz60036/g/8.jpg"
748,"https://cloudinary.images-iherb.com/image/upload/f_auto,q_auto:eco/images/dyz/dyz60010/g/26.jpg"
749,"https://cloudinary.images-iherb.com/image/upload/f_auto,q_auto:eco/images/dyz/dyz60069/g/8.jpg"
750,"https://cloudinary.images-iherb.com/image/upload/f_auto,q_auto:eco/images/dyz/dyz60020/g/8.jpg"
751,"https://cloudinary.images-iherb.com/image/upload/f_auto,q_auto:eco/images/dyz/dyz59914/g/24.jpg"
752,"https://cloudinary.images-iherb.com/image/upload/f_auto,q_auto:eco/images/dyz/dyz59916/g/14.jpg"
753,"https://cloudinary.images-iherb.com/image/upload/f_auto,q_auto:eco/images/dyz/dyz59922/v/20.jpg"
755,"https://cloudinary.images-iherb.com/image/upload/f_auto,q_auto:eco/images/dyz/dyz56007/l/21.jpg"
879,"https://cloudinary.images-iherb.com/image/upload/f_auto,q_auto:eco/images/gat/gat02397/l/24.jpg"
881,"https://cloudinary.images-iherb.com/image/upload/f_auto,q_auto:eco/images/gat/gat65600/l/37.jpg"
882,"https://cloudinary.images-iherb.com/image/upload/f_auto,q_auto:eco/ugc/20231010/f6287912-3dfa-4516-ad02-14f45b5d97e6/m.jpeg"
896,"https://cloudinary.images-iherb.com/image/upload/f_auto,q_auto:eco/images/gat/gat65600/l/37.jpg"
902,"https://cloudinary.images-iherb.com/image/upload/f_auto,q_auto:eco/images/gat/gat02247/l/86.jpg"
905,"https://cloudinary.images-iherb.com/image/upload/f_auto,q_auto:eco/images/gat/gat02248/y/24.jpg"
906,"https://cloudinary.images-iherb.com/image/upload/f_auto,q_auto:eco/images/gat/gat02067/y/27.jpg"
908,"https://cloudinary.images-iherb.com/image/upload/f_auto,q_auto:eco/images/gat/gat02066/g/27.jpg"
914,"https://cloudinary.images-iherb.com/image/upload/f_auto,q_auto:eco/images/gat/gat22006/g/50.jpg"
915,"https://cloudinary.images-iherb.com/image/upload/f_auto,q_auto:eco/images/gat/gat02110/g/65.jpg"
931,"https://cloudinary.images-iherb.com/image/upload/f_auto,q_auto:eco/images/ghs/ghs52886/l/8.jpg"
965,"https://cloudinary.images-iherb.com/image/upload/f_auto,q_auto:eco/images/lll/lll83554/y/99.jpg"
972,"https://cloudinary.images-iherb.com/image/upload/f_auto,q_auto:eco/images/lll/lll83561/y/40.jpg"
978,"https://cloudinary.images-iherb.com/image/upload/f_auto,q_auto:eco/images/lll/lll72416/y/30.jpg"
984,"https://cloudinary.images-iherb.com/image/upload/f_auto,q_auto:eco/images/opn/opn02413/y/72.jpg"
986,"https://cloudinary.images-iherb.com/image/upload/f_auto,q_auto:eco/images/opn/opn02232/y/50.jpg"
989,"https://cloudinary.images-iherb.com/image/upload/f_auto,q_auto:eco/images/opn/opn06067/l/34.jpg"
990,"https://cloudinary.images-iherb.com/image/upload/f_auto,q_auto:eco/images/opn/opn02919/l/50.jpg"
993,"https://cloudinary.images-iherb.com/image/upload/f_auto,q_auto:eco/images/opn/opn02864/y/58.jpg"
995,"https://cloudinary.images-iherb.com/image/upload/f_auto,q_auto:eco/images/opn/opn02987/l/57.jpg"
998,"https://cloudinary.images-iherb.com/image/upload/f_auto,q_auto:eco/images/opn/opn02956/l/50.jpg"
1003,"https://cloudinary.images-iherb.com/image/upload/f_auto,q_auto:eco/images/opn/opn02414/y/53.jpg"
1004,"https://cloudinary.images-iherb.com/image/upload/f_auto,q_auto:eco/images/opn/opn02623/y/44.jpg"
1005,"https://cloudinary.images-iherb.com/image/upload/f_auto,q_auto:eco/images/opn/opn02234/y/63.jpg"
1006,"https://cloudinary.images-iherb.com/image/upload/f_auto,q_auto:eco/images/opn/opn02789/y/61.jpg"
1007,"https://cloudinary.images-iherb.com/image/upload/f_auto,q_auto:eco/images/opn/opn02986/y/56.jpg"
1008,"https://cloudinary.images-iherb.com/image/upload/f_auto,q_auto:eco/images/opn/opn02721/y/53.jpg"
1011,"https://cloudinary.images-iherb.com/image/upload/f_auto,q_auto:eco/images/opn/opn06204/y/50.jpg"
1012,"https://cloudinary.images-iherb.com/image/upload/f_auto,q_auto:eco/images/opn/opn02869/y/69.jpg"
1013,"https://cloudinary.images-iherb.com/image/upload/f_auto,q_auto:eco/images/opn/opn02868/y/63.jpg"
1014,"https://cloudinary.images-iherb.com/image/upload/f_auto,q_auto:eco/images/opn/opn02986/y/56.jpg"
1016,"https://cloudinary.images-iherb.com/image/upload/f_auto,q_auto:eco/images/opn/opn02870/y/85.jpg"
1017,"https://cloudinary.images-iherb.com/image/upload/f_auto,q_auto:eco/images/opn/opn02957/y/53.jpg"
1019,"https://cloudinary.images-iherb.com/image/upload/f_auto,q_auto:eco/images/opn/opn02867/y/65.jpg"
1020,"https://cloudinary.images-iherb.com/image/upload/f_auto,q_auto:eco/images/opn/opn02629/y/52.jpg"
1021,"https://cloudinary.images-iherb.com/image/upload/f_auto,q_auto:eco/images/opn/opn02412/y/37.jpg"
1028,"https://cloudinary.images-iherb.com/image/upload/f_auto,q_auto:eco/images/opn/opn05170/l/36.jpg"
1036,"https://cloudinary.images-iherb.com/image/upload/f_auto,q_auto:eco/images/opn/opn06906/y/8.jpg"
1041,"https://cloudinary.images-iherb.com/image/upload/f_auto,q_auto:eco/images/opn/opn02418/l/29.jpg"
1042,"https://cloudinary.images-iherb.com/image/upload/f_auto,q_auto:eco/images/opn/opn02628/l/25.jpg"
1043,"https://cloudinary.images-iherb.com/image/upload/f_auto,q_auto:eco/images/opn/opn06051/g/34.jpg"
1044,"https://cloudinary.images-iherb.com/image/upload/f_auto,q_auto:eco/images/opn/opn05914/g/50.jpg"
1047,"https://cloudinary.images-iherb.com/image/upload/f_auto,q_auto:eco/images/opn/opn02667/g/55.jpg"
1051,"https://cloudinary.images-iherb.com/image/upload/f_auto,q_auto:eco/images/opn/opn05170/l/36.jpg"
1053,"https://cloudinary.images-iherb.com/image/upload/f_auto,q_auto:eco/images/opn/opn06905/l/8.jpg"
1111,"https://cloudinary.images-iherb.com/image/upload/f_auto,q_auto:eco/images/rws/rws04356/l/8.jpg"
1172,"https://cloudinary.images-iherb.com/image/upload/f_auto,q_auto:eco/images/rws/rws63490/l/8.jpg"
1173,"https://cloudinary.images-iherb.com/image/upload/f_auto,q_auto:eco/images/rws/rws44899/y/8.jpg"
1239,"https://cloudinary.images-iherb.com/image/upload/f_auto,q_auto:eco/images/rys/rys91418/l/24.jpg"
1241,"https://cloudinary.images-iherb.com/image/upload/f_auto,q_auto:eco/images/rys/rys91462/y/8.jpg"
1244,"https://cloudinary.images-iherb.com/image/upload/f_auto,q_auto:eco/images/rys/rys00062/l/8.jpg"
1284,"https://cloudinary.images-iherb.com/image/upload/f_auto,q_auto:eco/images/sci/sci00015/l/59.jpg"